Id,Label,timeset,modularity_class,stat_inf_class
0,蒲熠星,,10,24
1,文韬Stefan,,10,48
2,贝拉kira,,11,0
3,嘉然今天吃什么,,11,13
4,某幻君,,10,2
5,花少北丶,,10,44
6,甜药Jamren,,13,29
7,飞天狙想要努力变胖,,13,30
8,七海Nana7mi,,11,53
9,阿梓从小就很可爱,,14,16
10,泠鸢yousa,,14,63
11,hanser,,14,58
12,阿萨Aza,,10,23
13,罗伊_Roi,,10,12
14,咩栗,,14,40
15,呜米,,14,77
16,棉花大哥哥,,13,5
17,大祥哥来了,,13,10
18,老番茄,,10,3
19,EdmundDZhang,,13,78
20,C酱です,,13,52
21,米诺高分少女,,11,59
22,露早GOGO,,11,85
23,虞莫MOMO,,11,4
24,KB呆又呆,,10,27
25,小可学妹,,14,22
26,向晚大魔王,,11,42
27,乃琳Queen,,11,15
28,瓶子君152,,13,40
29,泛式,,13,69
30,Asaki大人,,13,69
31,眞白花音_Official,,12,74
32,美月もも,,12,6
33,莞儿睡不醒,,11,4
34,古守血遊official,,12,39
35,椎名菜羽Official,,12,5
36,永雏塔菲,,11,11
37,HiiroVTuber,,12,6
38,神奇陆夫人,,13,66
39,花花Haya,,13,61
40,逍遥散人,,13,68
41,雫るる_Official,,12,20
42,张恩恩NNN,,10,45
43,早稻叽,,14,7
44,白神遥Haruka,,14,26
45,鈴宮鈴,,12,82
46,乙女音Official,,12,8
47,少年Pi,,13,9
48,雷雨Lyy,,13,74
49,内德维德,,14,25
50,东爱璃Lovely,,14,55
51,星汐Seki,,14,36
52,明前奶绿,,11,46
53,卡缇娅也不知道鸭,,14,11
54,河黎有片小叶子,,14,79
55,尤格Yog,,10,28
56,帅比笙歌超可爱OvO,,14,14
58,老实憨厚的笑笑,,13,80
57,老实憨厚的子衿,,13,33
59,夢乃栞Yumeno_Shiori,,12,17
60,宣小纸不怕火,,14,18
61,凉哈皮,,13,19
62,飙黑车的司机,,13,43
63,魔狼咪莉娅,,12,20
64,舒三妈Susam,,10,21
65,血狼破军,,13,15
66,龙哥哥今天又鸽了,,13,57
67,塔克Tako,,10,24
68,卡特亚,,13,49
69,LexBurner,,10,76
70,東雪蓮Official,,11,54
71,小霖QL,,13,2
72,小缘,,14,28
73,老骚豆腐,,13,29
74,OldBa1,,13,10
75,秋凛子Rinco,,14,37
76,LGDPYL116,,13,30
77,赵俊日,,13,31
78,星宮汐Official,,12,32
79,烤鱼子Official,,13,33
80,希月萌奈,,14,34
81,雪狐桑,,14,35
82,库库_sama,,13,36
83,老吊QuQ,,13,37
84,蕾尔娜Leona,,14,38
85,路希维德Wiede,,14,39
86,九重紫Official,,12,67
87,夏诺雅_shanoa,,12,41
88,黑桐谷歌,,13,42
89,物述有栖Official,,12,43
90,奈奈莉娅Channel,,14,26
91,花园Serena,,12,45
92,红晓音Akane,,14,46
93,Yommyko,,13,47
94,荔枝Kouun,,13,64
95,小柔Channel,,14,71
96,星瞳_Official,,11,48
97,黎歌Neeko,,14,50
98,扇宝,,14,80
99,神楽Mea_NHOTBOT,,12,49
100,月隐空夜,,13,53
101,魔法Zc目录,,13,51
102,LGD_Ame,,11,44
103,dodo_Official,,11,55
104,露米Lumi_Official,,11,54
105,桃几OvO,,14,57
106,梦音茶糯,,14,56
107,艾露露Ailurus,,14,25
108,星弥Hoshimi,,14,60
109,小鸟游杏子Official,,12,59
110,蕾蕾大表哥,,13,72
111,泪腺战士,,13,61
112,解说Mage,,13,52
113,两仪滚,,13,65
114,穆小泠Official,,14,64
115,小绝,,13,66
116,兰音Reine,,14,67
117,冰糖IO,,11,63
118,雪绘Yukie,,14,75
119,艾尔莎_Channel,,13,3
120,巴老师的小号,,14,78
121,妙妙子Official,,13,68
122,恋乃夜舞_propro,,12,70
123,虚拟小萨,,10,1
124,麻尤米mayumi,,11,58
125,钉宫妮妮Ninico,,14,73
126,成都AG超玩会丶久诚,,13,16
127,AG超玩会王者荣耀梦泪,,13,27
128,sh7adow,,13,1
129,祖娅纳惜,,14,23
130,折原露露,,14,62
131,啵啵小狗341,,11,71
132,鹿乃ちゃん,,12,77
133,木糖纯Official,,13,79
134,还有醒着的么,,14,76
135,猫芒ベル_Official,,12,81
136,小小约yoo,,14,72
137,杜松子_Gin,,14,75
138,花丸晴琉Official,,12,0
139,AIChannel中国绊爱,,11,1
140,泰蕾莎Channel,,14,7
141,冥冥meichan,,14,85
142,v猫诺v,,13,14
143,黑泽诺亚NOIR,,14,73
144,奈姬niki,,14,17
145,牛野露哞_usrm,,12,38
146,夏川玥玥Official,,14,31
147,依然小智,,13,21
148,狗狗狗雨,,13,62
149,-纯黑-,,13,22
150,你的影月月,,13,12
151,Akie秋绘,,14,56
152,许琪i,,13,13
153,冯提莫,,13,19
154,痒局长,,13,34
155,战术级子轩,,13,82
156,春去丶残秋,,13,86
157,尼奈nine_Official,,14,81
158,小铃久绘Official,,14,65
159,菠萝赛东°,,13,47
160,夏夏大魔王_Axx,,13,83
161,longdd黄翔,,13,41
162,守护茶茶,,13,60
163,自由魂儿儿儿,,13,84
164,骑虎者DC,,13,83
165,小深深儿,,13,84
166,烛灵儿Hikari,,14,9
173,火龙果说电影,,13,87
169,CSGO久菜合子,,13,70
167,鱼鹅来了,,13,35
168,CSGO--德云两鬼,,13,32
170,棋手战鹰,,11,50
171,飞社长,,13,86
172,清歌清歌-,,13,87
174,叶落莫言,,13,8
176,__小黄瓜__,,13,18
175,Kiki向前冲呀,,13,51
